nombre,direccion,ciudad
Skaboo,37 Ridgeview Road,Ameixoeira
Avamba,97573 Goodland Parkway,Kangalassy
Nlounge,37 Hintze Court,Glinojeck
Camimbo,9704 Village Park,Mahe
Trudoo,39 Loeprich Way,Mor Laok
Abatz,46 Old Shore Plaza,Sandaotong
Yakijo,95916 Kingsford Drive,Stęszew
Mycat,3451 Russell Place,Chingas
Fliptune,33 Stoughton Point,Moro
Tagfeed,3 Elka Way,Sam Ngam
Jetwire,70 Moose Alley,Parengan
Feedspan,102 Lukken Circle,Pontian
Edgeify,7834 Orin Way,Tsiatsan
Yodo,813 Melvin Avenue,Al Khamīs
Gevee,4 Armistice Alley,Grahamstown
Tavu,6238 Farragut Street,Seredyna-Buda
Fivespan,6656 Barby Alley,Herby
Roodel,18823 Hoepker Pass,Huangnan
Quinu,8280 Thierer Road,Farrokh Shahr
Meetz,5906 Pleasure Terrace,Calape
Blogpad,16797 Donald Park,Yangqiao
Thoughtworks,97 Oneill Drive,Sidaurip
Rhyzio,64 Ryan Alley,Sigou
Oodoo,3933 Milwaukee Lane,Ban Chalong
Zoomlounge,12 Aberg Pass,San Sebastián de Yalí
Quamba,72 Victoria Street,As Saddah
Zoomdog,38 Anderson Circle,Dongjiao
Eimbee,56903 Fremont Plaza,Nhà Bè
Zava,66743 Dunning Lane,Kesugihan
Fivebridge,54 Waubesa Avenue,Santa Lucia
Twitterbeat,14 Gateway Circle,Nianyushan
Yozio,3 Farwell Circle,Ḩabīl ar Raydah
Rhycero,426 Gateway Junction,Katsikás
Zoomdog,37201 Caliangt Crossing,Giyon
Podcat,12 Barnett Alley,Saint-Maixent-l'École
Babbleopia,27408 John Wall Parkway,Bantay
Tagpad,7592 American Ash Junction,Moriki
Yombu,63909 Dwight Center,Santander de Quilichao
Jetwire,1 Pawling Place,Privlaka
Digitube,82 Sycamore Parkway,Şaḩneh
Twitternation,2257 Nova Point,Doushan
Tagopia,76551 Carpenter Alley,Novokuybyshevsk
Mudo,2 Del Mar Alley,Kapatagan
Photobean,6 Heath Place,Imperatriz
Eadel,9381 Leroy Street,Altagracia de Orituco
Photofeed,3598 Hanson Junction,Abidjan
Youspan,2 Judy Circle,Blaye
Ainyx,83 Fair Oaks Drive,Nagqu
Centizu,8 Carey Junction,Las Lomas
Abatz,3128 Daystar Hill,San Diego
Tagfeed,2 Harbort Street,Mkushi
Riffpedia,92534 Ridge Oak Avenue,Xingfu
Linkbuzz,0 Westerfield Drive,Amboise
Edgetag,73692 Lake View Crossing,Tinumpuk
Oyoba,50373 Ruskin Street,Probolinggo
Jayo,462 Stang Drive,Marataizes
Browsedrive,698 Red Cloud Trail,Semīrom
Pixonyx,07 Bay Court,Fram
Linktype,869 Autumn Leaf Street,Gornje Živinice
Eidel,956 7th Circle,Wattala
Feedfire,2063 Northridge Circle,Velké Pavlovice
Topicware,4 Aberg Drive,Larangan
Youspan,3238 Vermont Court,Alangalang
Kazu,26388 Emmet Court,Stari Bohorodchany
Flipbug,0 Di Loreto Junction,Lyubeshiv
Dabjam,49 Pearson Avenue,La Esperanza
Quatz,18683 Onsgard Terrace,Aktau
Jabberbean,0085 Gina Terrace,Novyy Svit
Zooveo,1400 Bluestem Court,Nyurba
Twitterbridge,963 Bayside Point,Bang Rak
Eire,4148 Crescent Oaks Terrace,Nanfeng
Gevee,49 Buell Center,Gostovići
Devshare,244 Kennedy Parkway,Pitalito
Oyoyo,306 Hooker Court,Fès
Skynoodle,16 Everett Trail,Babice
Meetz,6032 Grayhawk Circle,Al Bāriqīyah
Tekfly,43782 Helena Hill,Liugou
Npath,065 Swallow Lane,Lisakovsk
Realbridge,0708 Dennis Crossing,Nedryhayliv
Gevee,43169 Columbus Way,Zoumaping
Kwilith,9296 Coleman Hill,Arklow
Tambee,0 Birchwood Pass,Anchorage
Roodel,3 Roth Junction,Sankoutang
Layo,3 Macpherson Alley,Olutanga
Devify,0778 Ridgeway Pass,Yanggan
Pixope,26 Talisman Alley,Fengjiang
Mynte,022 Independence Plaza,Āgaro
Brainbox,1 Hollow Ridge Drive,Vitry-sur-Seine
Trilia,19 School Point,Kohlu
Jabbercube,49639 Hintze Parkway,Tenkodogo
Zoonder,75963 Leroy Crossing,Alunda
Realblab,370 Burning Wood Way,Kokkini Trimithia
Yadel,85 Mariners Cove Way,Kavadarci
Tagopia,825 Karstens Hill,Shpola
Npath,7 Russell Plaza,Galutu
Gigazoom,26 Marcy Alley,Kirkland Lake
Blogtag,3 Carpenter Crossing,Yichun
Janyx,7 Dennis Alley,Baimaqiao
Bluejam,7523 Bultman Pass,Jinshiqiao
Livetube,61 Bellgrove Crossing,Gostovići
Yamia,4791 Wayridge Park,Postmasburg
Flashdog,8419 Lakeland Drive,Luchenza
Feedfire,6 Lawn Way,Longquan
Realblab,85781 Glacier Hill Place,Usagara
Rhyloo,0494 Pepper Wood Place,Živinice
Bubblemix,43483 Marcy Point,Sosnovyy Bor
Aibox,81 Lighthouse Bay Road,Bełk
Realfire,18915 Loeprich Park,Tanjungpati
Devcast,7969 Northland Park,Ringin Kembar
Podcat,7944 Mifflin Street,Hualian
Quatz,192 Talisman Trail,La Huerta
Brainbox,8024 Melvin Park,Mabilog
Mybuzz,88 Dakota Park,Huansheng
Yodoo,323 Bluejay Avenue,Tsubata
Oozz,353 Sunbrook Crossing,Sandaotong
Feednation,22982 Park Meadow Road,Dongshentou
Mudo,1 Sycamore Terrace,Jiuting
Dabshots,289 Amoth Park,Iwata
Kimia,540 Veith Street,Gus’-Zheleznyy
Trupe,5 Golf Parkway,Elbasan
Dynazzy,8 Green Ridge Pass,Cikarang
Jazzy,6 Maryland Court,San Benito
Twimm,5 Killdeer Court,Izvestkovyy
Skyba,30231 Duke Parkway,Xialaba
Eimbee,854 Forest Run Park,Ralevka
Fivebridge,978 2nd Street,Pyatovskiy
Dablist,65765 Anniversary Crossing,Indianapolis
Quatz,6 Larry Crossing,Indralayang
Shuffledrive,66 Quincy Drive,Taguing
Dabvine,6495 Tennyson Crossing,Alajuelita
Skiptube,01727 Oakridge Lane,Torreira
Brainlounge,48672 Hoepker Circle,Svalöv
Zoozzy,5039 Dahle Crossing,Brazzaville
Geba,98609 Bowman Road,Umeå
Pixoboo,38830 Schmedeman Parkway,Martil
Rhybox,1 Duke Lane,Lazaro Cardenas
Realmix,8 Ridgeway Trail,Hamilton
Wikibox,327 Lien Park,Las Cruces
Trilith,42360 Grayhawk Hill,Bajram Curri
Bluezoom,59 Lyons Way,Triandría
Tazzy,93533 Stephen Point,Mundão
Skiptube,33 Leroy Center,Kampong Chhnang
Topiczoom,6937 Westend Circle,Zhumadian
Jaxnation,59 Graedel Point,Phra Phutthabat
Yadel,4855 Barby Way,Pingshan
Ntag,29 Shoshone Lane,Pittsburgh
Skipfire,9131 Daystar Park,Carregueira
Tagopia,704 Quincy Pass,Romny
Browsecat,474 Corry Lane,Šluknov
Flashdog,22602 Fair Oaks Alley,Täby
